Datum; Uhrzeit; verschluessele Kontaktdaten


geschwaerzt; geschwaerzt; mnDhty0Hl40Gu3u1GcTCBu+SwLwc3vZ2sI1EGP8vx9tS3aek3meYlgINlld48ibVu3ymIhJlGADb1IYy7jqJELvLYDRKqs0u+jkNnDfVsCpr6XBRoUnBx14D/PHXMIQ4
geschwaerzt; geschwaerzt; Nwr4CdeT35qjJ1KB1UZFRxdREimalA6/v9Ia2WxpgnSxWsXuyGZaHVbU+OPEsJZz8rev8JETPxI67N6kTQiedvrzLW1/7J3lGGN8//scpomvlKTQyLge1Zs2eEkkONUo
geschwaerzt; geschwaerzt; Nwr4CdeT35qjJ1KB1UZFR2TeISdOGR8WV06q9H9v0sTFxrP1UjYnKB0QuntEXNwZtmmAAEXPxa482828Ls8FDtWQH9DlKEFMs/m4NMrOgOqItwBc3yHFJIR9/jMvwAk5
geschwaerzt; geschwaerzt; mnDhty0Hl40Gu3u1GcTCBpbzpnsBSFDoCA1081s3Z7mny0yyY+jdc3ufonZBRQw7FlzbusUrtP9nLYlghotUrObliDHluBWLKMLlxD5tzEpu60FUmgfUmACO6I3hdb+e
09.05.2021; 11:37:31; 0Lgc1BsDPjcfCcpD9oyo6/88BnAkHKyZ2NGxz3sYO5SRoNiM6EtcW6yteBPotyh9
09.05.2021; 11:45:27; 8WZgdee/Azk5bohXzZs+Z3Dq+p7T+5bZPwzTdjbgbhF/iDI1ewLzYvaRvAWrQABz
09.05.2021; 11:45:44; 0Lgc1BsDPjcfCcpD9oyo6/88BnAkHKyZ2NGxz3sYO5SRoNiM6EtcW6yteBPotyh9
09.05.2021; 11:45:48; 8WZgdee/Azk5bohXzZs+Z3Dq+p7T+5bZPwzTdjbgbhF/iDI1ewLzYvaRvAWrQABz
09.05.2021; 11:55:20; 0Lgc1BsDPjcfCcpD9oyo6/88BnAkHKyZ2NGxz3sYO5SRoNiM6EtcW6yteBPotyh9
